batch_size,total_time_ms,time_per_query_ms,queries_per_second,encoding_time_ms,search_time_ms
1,1258.31,9.83057,101.724,1080.83,177.364
4,1237.72,9.66972,103.416,1165.3,72.3186
8,1273.35,9.94807,100.522,1081.52,191.724
16,947.855,7.40512,135.042,895.168,52.6259
32,1040.18,8.12639,123.056,1010.49,29.651
64,1277.37,9.97944,100.206,1247.16,30.1784
128,993.964,7.76534,128.777,975.72,18.2237
