batch_size,total_time_ms,time_per_query_ms,queries_per_second,encoding_time_ms,search_time_ms
1,1487.17,14.8717,67.242,1108.43,378.64
4,872.104,8.72104,114.665,836.408,35.6404
8,777.542,8.09939,123.466,739.959,37.5103
16,727.593,7.57909,131.942,688.965,38.5914
32,719.598,7.49581,133.408,674.46,45.1073
64,448.607,7.00949,142.664,438.309,10.2856
