batch_size,search_time_ms,time_per_query_ms,queries_per_second
1,90.3817,0.706107,1416.22
4,30.6534,0.23948,4175.72
8,29.808,0.232875,4294.14
16,27.9611,0.218446,4577.79
32,24.3185,0.189988,5263.48
64,18.7874,0.146777,6813.07
128,16.735,0.130742,7648.64
