batch_size,num_queries,search_time_ms,time_per_query_ms,queries_per_second
1,1,61.8016,61.8016,16.1808
4,4,3.02408,0.756021,1322.72
8,8,3.16375,0.395469,2528.64
16,16,5.28808,0.330505,3025.67
32,32,12.6656,0.395799,2526.53
64,64,22.1524,0.346132,2889.08
128,128,27.2511,0.212899,4697.05
