batch_size,total_time_ms,time_per_query_ms,queries_per_second,encoding_time_ms,search_time_ms
1,944.917,14.7643,67.7308,633.493,311.378
4,497.253,7.76958,128.707,477.738,19.467
8,476.201,7.44064,134.397,458.445,17.7087
16,481.531,7.52392,132.909,461.724,19.7693
32,466.157,7.28371,137.293,451.956,14.1858
64,477.602,7.46252,134.003,458.976,18.6133
