batch_size,total_time_ms,time_per_query_ms,queries_per_second,encoding_time_ms,search_time_ms
1,1122.34,11.2234,89.0998,922.547,199.722
4,748.531,7.48531,133.595,683.918,64.5766
8,780.998,8.1354,122.92,709.301,71.6557
16,748.766,7.79965,128.211,678.408,70.3323
32,947.471,9.86948,101.322,820.406,127.029
64,483.328,7.55199,132.415,439.6,43.7156
