batch_size,total_time_ms,time_per_query_ms,queries_per_second,encoding_time_ms,search_time_ms
1,678.83,10.6067,94.2798,612.983,65.8142
4,593.505,9.27351,107.834,540.6,52.8706
8,508.789,7.94983,125.789,452.614,56.1437
16,498.824,7.79412,128.302,444.579,54.2255
32,472.407,7.38136,135.476,429.44,42.9552
64,493.209,7.70639,129.762,441.717,51.4813
