query_idx,encoding_ms,search_ms
1,10.7807,1.92729
2,12.9886,1.33946
3,11.6601,1.06904
4,10.5545,0.738792
5,11.7506,0.812666
6,11.8017,0.880625
7,11.0939,0.796125
8,11.9187,0.752709
9,10.5687,0.805916
10,11.4442,0.78325
11,11.8187,0.777042
12,11.0622,1.20604
13,9.02187,0.9935
14,14.5396,0.918292
15,11.0774,1.00458
16,12.8179,0.888125
17,12.1067,0.95175
18,11.2914,0.818458
19,11.9022,0.904041
20,11.5364,0.824834
